https://www.pbs.org/show/chefs-life/	A Chef's Life	A_Chefs_Life.yaml
https://www.pbs.org/show/murder-crows/	A Murder of Crows	A_Murder_of_Crows.yaml
https://www.pbs.org/show/taste-history/	A Taste of History	A_Taste_of_History.yaml
https://www.pbs.org/show/agatha-and-curse-ishtar/	Agatha and the Curse of Ishtar	Agatha_and_the_Curse_of_Ishtar.yaml
https://www.pbs.org/show/agatha-and-midnight-murders/	Agatha and the Midnight Murders	Agatha_and_the_Midnight_Murders.yaml
https://www.pbs.org/show/annika/	Annika	Annika.yaml
https://www.pbs.org/show/around-world-80-days/	Around the World in 80 Days	Around_the_World_in_80_Days.yaml
https://www.pbs.org/show/back-island/	Back to the Island	Back_to_the_Island.yaml
https://www.pbs.org/show/before-we-die-uk/	Before We Die (British)	Before_We_Die_British.yaml
https://www.pbs.org/show/central-florida-roadtrip/	Central Florida Roadtrip	Central_Florida_Roadtrip.yaml
https://www.pbs.org/show/christopher-kimballs-milk-street-television/	Christopher Kimball’s Milk Street Television	Christopher_Kimball’s_Milk_Street_Television.yaml
https://www.pbs.org/show/di-ray/	D.I. Ray	DI_Ray.yaml
https://www.pbs.org/show/endeavour/	Endeavour	Endeavour.yaml
https://www.pbs.org/show/exile/	Exile	Exile.yaml
https://www.pbs.org/show/expedition/	Expedition with Steve Backshall	Expedition_with_Steve_Backshall.yaml
https://www.pbs.org/show/finding-home/	Finding Home	Finding_Home.yaml
https://www.pbs.org/show/flesh-and-blood/	Flesh and Blood	Flesh_and_Blood.yaml
https://www.pbs.org/show/frankie-drake-mysteries/	Frankie Drake Mysteries	Frankie_Drake_Mysteries.yaml
https://www.pbs.org/show/good-gumbo/	Good Gumbo	Good_Gumbo.yaml
https://www.pbs.org/show/grantchester/	Grantchester	Grantchester.yaml
https://www.pbs.org/show/guilt/	Guilt	Guilt.yaml
https://www.pbs.org/show/halifax-retribution/	Halifax: Retribution	Halifax_Retribution.yaml
https://www.pbs.org/show/kevin-beltons-cookin-louisiana/	Kevin Belton's Cookin' Louisiana	Kevin_Beltons_Cookin_Louisiana.yaml
https://www.pbs.org/show/lidias-kitchen/	Lidia's Kitchen	Lidias_Kitchen.yaml
https://www.pbs.org/show/magpie-murders/	Magpie Murders	Magpie_Murders.yaml
https://www.pbs.org/show/miss-scarlet-duke/	Miss Scarlet and The Duke	Miss_Scarlet_and_The_Duke.yaml
https://www.pbs.org/show/modus/	Modus	Modus.yaml
https://www.pbs.org/show/moonflower-murders/	Moonflower Murders	Moonflower_Murders.yaml
https://www.pbs.org/show/mystery-manon/	Mystery of Manon	Mystery_of_Manon.yaml
https://www.pbs.org/show/no-passport-required/	No Passport Required	No_Passport_Required.yaml
https://www.pbs.org/show/patis-mexican-table/	Pati's Mexican Table	Patis_Mexican_Table.yaml
https://www.pbs.org/show/patience/	Patience	Patience.yaml
https://www.pbs.org/show/professor-t-uk/	Professor T (British)	Professor_T_British.yaml
https://www.pbs.org/show/ridley/	Ridley	Ridley.yaml
https://www.pbs.org/show/ridley-road/	Ridley Road	Ridley_Road.yaml
https://www.pbs.org/show/roadkill/	Roadkill	Roadkill.yaml
https://www.pbs.org/show/seizure/	Seizure	Seizure.yaml
https://www.pbs.org/show/silent-hunt/	Silent Hunt	Silent_Hunt.yaml
https://www.pbs.org/show/superabundant/	Superabundant	Superabundant.yaml
https://www.pbs.org/show/adulterer/	The Adulterer	The_Adulterer.yaml
https://www.pbs.org/show/durrell-in-corfu/	The Durrells in Corfu	The_Durrells_in_Corfu.yaml
https://www.pbs.org/show/great-american-recipe/	The Great American Recipe	The_Great_American_Recipe.yaml
https://www.pbs.org/show/green-planet/	The Green Planet	The_Green_Planet.yaml
https://www.pbs.org/show/the-marlow-murder-club/	The Marlow Murder Club	The_Marlow_Murder_Club.yaml
https://www.pbs.org/show/migrant-kitchen/	The Migrant Kitchen	The_Migrant_Kitchen.yaml
https://www.pbs.org/show/roosevelts/	The Roosevelts	The_Roosevelts.yaml
https://www.pbs.org/show/vanishing/	The Vanishing	The_Vanishing.yaml
https://www.pbs.org/show/unforgotten/	Unforgotten	Unforgotten.yaml
https://www.pbs.org/show/us/	Us	Us.yaml
https://www.pbs.org/show/van-der-valk/	Van der Valk	Van_der_Valk.yaml
https://www.pbs.org/show/vienna-blood/	Vienna Blood	Vienna_Blood.yaml
