https://www.pbs.org/show/chefs-life/	A Chef's Life
https://www.pbs.org/show/murder-crows/	A Murder of Crows
https://www.pbs.org/show/taste-history/	A Taste of History
https://www.pbs.org/show/agatha-and-curse-ishtar/	Agatha and the Curse of Ishtar
https://www.pbs.org/show/agatha-and-midnight-murders/	Agatha and the Midnight Murders
https://www.pbs.org/show/american-experience/	American Experience
https://www.pbs.org/show/annika/	Annika
https://www.pbs.org/show/around-world-80-days/	Around the World in 80 Days
https://www.pbs.org/show/baptiste/	Baptiste
https://www.pbs.org/show/before-we-die-uk/	Before We Die
https://www.pbs.org/show/before-we-die/	Before We Die
https://www.pbs.org/show/central-florida-roadtrip/	Central Florida Roadtrip
https://www.pbs.org/show/christopher-kimballs-milk-street-television/	Christopher Kimballâ€™s Milk Street Television
https://www.pbs.org/show/endeavour/	Endeavour
https://www.pbs.org/show/exile/	Exile
https://www.pbs.org/show/expedition/	Expedition with Steve Backshall
https://www.pbs.org/show/flesh-and-blood/	Flesh and Blood
https://www.pbs.org/show/frankie-drake-mysteries/	Frankie Drake Mysteries
https://www.pbs.org/show/good-gumbo/	Good Gumbo
https://www.pbs.org/show/grantchester/	Grantchester
https://www.pbs.org/show/guilt/	Guilt
https://www.pbs.org/show/halifax-retribution/	Halifax: Retribution
https://www.pbs.org/show/hassel/	Hassel
https://www.pbs.org/show/kevin-beltons-cookin-louisiana/	Kevin Belton's Cookin' Louisiana
https://www.pbs.org/show/lidias-kitchen/	Lidia's Kitchen
https://www.pbs.org/show/line-separation/	Line of Separation
https://www.pbs.org/show/magpie-murders/	Magpie Murders
https://www.pbs.org/show/miss-scarlet-duke/	Miss Scarlet and The Duke
https://www.pbs.org/show/modus/	Modus
https://www.pbs.org/show/mrs-wilson/	Mrs Wilson
https://www.pbs.org/show/no-passport-required/	No Passport Required
https://www.pbs.org/show/no-second-chance/	No Second Chance
https://www.pbs.org/show/patis-mexican-table/	Pati's Mexican Table
https://www.pbs.org/show/professor-t/	Professor T (Belgian)
https://www.pbs.org/show/professor-t-uk/	Professor T (British)
https://www.pbs.org/show/ridley/	Ridley
https://www.pbs.org/show/ridley-road/	Ridley Road
https://www.pbs.org/show/roadkill/	Roadkill
https://www.pbs.org/show/somewhere-south/	Somewhere South
https://www.pbs.org/show/superabundant/	Superabundant
https://www.pbs.org/show/durrell-in-corfu/	The Durrells in Corfu
https://www.pbs.org/show/great-american-recipe/	The Great American Recipe
https://www.pbs.org/show/green-planet/	The Green Planet
https://www.pbs.org/show/migrant-kitchen/	The Migrant Kitchen
https://www.pbs.org/show/roosevelts/	The Roosevelts
https://www.pbs.org/show/unforgotten/	Unforgotten
https://www.pbs.org/show/us/	Us
https://www.pbs.org/show/van-der-valk/	Van der Valk
https://www.pbs.org/show/vienna-blood/	Vienna Blood
